First Name,Last Name,Age,EmailID,Password,Country,City,Pincode,Area Code,Phone Number
Noe,Cannon,43,noeCannon123@abc.com,abcde,India,New Delhi,110001,91,2234234234
Jordin,Parker,23,,12abcd#4der,India,New Delhi,110001,91,1231243768
Diya,Duarte,4 3,,321@hsduiw,China,Beijing,100005,86,1973285463
Alessandro ,Stanley,32,alessStan@cde.com,&@! Hjsukhasklawer,US,New York,10001,1,853127896
Ana,Terrell,23,!AnaTerell@abc.com,anaTerell!123,UK,London,E1,44,74586217
Elian ,Salas,65,elian.salas@cde.com.in,asdfg123!,India,New Delhi,E1,44,7821212963
trenton ,yates,67,trent1244!$@qw@abc.com,tryate!234,China,Beijing,110001,86,7821452563
arcelI,ShaW,56,,,US,New York,110001,86,7893214567
Aaden ,Summers,87,,,US,Beijing,110001,1,782147893
jaZLEN,Fuller,12,jazz@cde.com,jazz!#1234,China,New York,100005,1,741258963
AdeN,Sampson,32,adenSam@gg_gmail.com,123#adenm,UK,London,10001,44,9632587412
Mitch,Delgado,34,mitchDelgado@abc.com,mitDel@1243,UK,New Delhi,110001,91,54632178544
Lance,McDaniel,45,lancemcd12345@g.abc.com,lanMcd*123,India,London,E1,44,5656956532
jERmiah,Levy,2.1,jermiah!%^Levy@abc.com,#456#jerlev,India,New Delhi,100005,31,1253217539
Boston,Frye,34,bostonFrye@abc.com,bost_fyre123,China,London,110001,79,9517538524
Dalania,Velancia,34,dalaniaVelancia@abc.com,dalaVal!234,China,New Delhi,10001,56,89562378450
Lara,Cox,65,lara*&%^Cox@abc.com,lar#$cox123,US,New York,10001,1,1253834863
Justin,Charles,12,justin_Charles@abc.com,jus!Char*1234,US,New York,10001,1,4521146397
Gianna,Conrad,3.2,gianna_Conrad234@abc.com,42$%gianna,US,Beijing,100005,86,45751274811
kENNEDY,weAver,56,123kennedyweAver@abc.com,ken_weave123456,UK,New York,10001,1,78887872811
